사용월,호선명,역ID,지하철역,유임승차,유임하차,무임승차,무임하차
2020-02,1호선,0150,서울역,1016616,962133,144018,137714
2020-02,1호선,0151,시청,497795,503452,72691,71038
2020-02,1호선,0152,종각,872537,849775,112493,105074
2020-02,1호선,0153,종로3가,478117,458780,242424,226097
2020-02,1호선,0154,종로5가,384746,392799,186911,178789
2020-02,1호선,0155,동대문,213374,220153,90504,90311
2020-02,1호선,0156,신설동,279911,274174,93563,88925
2020-02,1호선,0157,제기동,216277,209368,206429,218884
2020-02,1호선,0158,청량리(서울시립대입구),318492,316807,212707,213652
2020-02,1호선,0159,동묘앞,117820,124937,100130,102701
2020-02,2호선,0201,시청,566526,553529,43058,39060
2020-02,2호선,0202,을지로입구,998687,1029160,73923,69085
2020-02,2호선,0203,을지로3가,492472,493218,64061,62572
2020-02,2호선,0204,을지로4가,251462,250450,67203,64652
2020-02,2호선,0205,동대문역사문화공원,315886,358395,40156,41712
2020-02,2호선,0206,신당,283255,297117,74229,76428
2020-02,2호선,0207,상왕십리,299940,284578,50605,50671
2020-02,2호선,0208,왕십리(성동구청),397847,336629,43258,36263
2020-02,2호선,0209,한양대,159376,173786,10533,10748
2020-02,2호선,0210,뚝섬,447294,480366,46153,46800
2020-02,2호선,0211,성수,703624,772458,84617,86496
2020-02,2호선,0212,건대입구,894294,969510,70630,73171
2020-02,2호선,0213,구의(광진구청),529706,511688,81980,83928
2020-02,2호선,0214,강변(동서울터미널),837654,827917,92134,89047
2020-02,2호선,0215,잠실나루,290715,278275,60474,60188
2020-02,2호선,0216,잠실(송파구청),1706760,1651118,128395,121913
2020-02,2호선,0217,잠실새내,478015,483051,77195,76965
2020-02,2호선,0218,종합운동장,158537,174374,29623,30688
2020-02,2호선,0219,삼성(무역센터),1246045,1280831,90557,84373
2020-02,2호선,0220,선릉,1210480,1080636,180866,159258
2020-02,2호선,0221,역삼,1117200,1249856,128894,130532
2020-02,2호선,0222,강남,2283516,2345497,139949,124624
2020-02,2호선,0223,교대(법원.검찰청),738424,831050,116865,130142
2020-02,2호선,0224,서초,490679,485184,61859,61740
2020-02,2호선,0225,방배,366331,381104,56864,56184
2020-02,2호선,0226,사당,859664,957293,135476,129715
2020-02,2호선,0227,낙성대,638327,607955,83932,85759
2020-02,2호선,0228,서울대입구(관악구청),1135231,1103449,151450,145049
2020-02,2호선,0229,봉천,516012,467536,119128,120519
2020-02,2호선,0230,신림,1554701,1500865,180675,183615
2020-02,2호선,0231,신대방,601691,568429,95225,97530
2020-02,2호선,0232,구로디지털단지,1436819,1440557,138505,140571
2020-02,2호선,0233,대림(구로구청),552046,553448,87456,90755
2020-02,2호선,0234,신도림,1205858,1197951,151014,143939
2020-02,2호선,0235,문래,449932,460551,58997,58197
2020-02,2호선,0236,영등포구청,487213,494027,78134,77260
2020-02,2호선,0237,당산,450282,520782,48681,52252
2020-02,2호선,0238,합정,784455,838067,53736,53463
2020-02,2호선,0239,홍대입구,1655178,1773046,77762,75288
2020-02,2호선,0240,신촌,923819,951184,96379,93415
2020-02,2호선,0241,이대,321719,337021,40072,41050
2020-02,2호선,0242,아현,196485,186829,48084,47755
2020-02,2호선,0243,충정로(경기대입구),227813,241700,38146,37907
2020-02,2호선,0244,용답,50165,49116,13143,12886
2020-02,2호선,0245,신답,32480,36712,7674,8443
2020-02,2호선,0246,신설동,68818,67297,26214,28387
2020-02,2호선,0247,도림천,25476,26985,5148,5457
2020-02,2호선,0248,양천구청,135332,143143,34003,34985
2020-02,2호선,0249,신정네거리,187069,193053,50794,52080
2020-02,2호선,0250,용두(동대문구청),39635,41056,17570,19043
2020-02,3호선,0309,지축,53206,52792,9879,11647
2020-02,3호선,0310,구파발,441130,407708,83855,78992
2020-02,3호선,0311,연신내,802366,754851,207328,202223
2020-02,3호선,0312,불광,318698,345685,103723,114581
2020-02,3호선,0313,녹번,287442,248634,52432,52026
2020-02,3호선,0314,홍제,335827,313593,107145,107426
2020-02,3호선,0315,무악재,74882,74377,22494,24346
2020-02,3호선,0316,독립문,122821,127578,51710,51153
2020-02,3호선,0317,경복궁(정부서울청사),433334,432360,67207,61463
2020-02,3호선,0318,안국,451969,470962,61694,65051
2020-02,3호선,0319,종로3가,211624,257722,47011,51073
2020-02,3호선,0320,을지로3가,227281,239289,44980,43633
2020-02,3호선,0321,충무로,37,0,0,0
2020-02,3호선,0322,동대입구,179415,193434,23652,25170
2020-02,3호선,0323,약수,276198,268630,61258,58598
2020-02,3호선,0324,금호,168555,154116,41385,41029
2020-02,3호선,0325,옥수,185294,192768,41235,41446
2020-02,3호선,0326,압구정,712406,775511,97265,94876
2020-02,3호선,0327,신사,758220,818286,59120,56616
2020-02,3호선,0328,잠원,119098,115734,26659,26026
2020-02,3호선,0329,고속터미널,1027587,1006204,109638,105316
2020-02,3호선,0330,교대(법원.검찰청),293763,193901,49930,30790
2020-02,3호선,0331,남부터미널(예술의전당),685896,704020,85973,86399
2020-02,3호선,0332,양재(서초구청),853227,926766,112180,113191
2020-02,3호선,0333,매봉,236744,228797,42449,38504
2020-02,3호선,0334,도곡,111754,115829,19115,16608
2020-02,3호선,0335,대치,251069,242716,44681,42687
2020-02,3호선,0336,학여울,37600,38422,11436,10928
2020-02,3호선,0337,대청,199403,182317,41958,40572
2020-02,3호선,0338,일원,182086,181151,44365,44051
2020-02,3호선,0339,수서,344557,346094,75197,74101
2020-02,3호선,0340,가락시장,172661,169154,54995,53437
2020-02,3호선,0341,경찰병원,158029,156815,31676,31942
2020-02,3호선,0342,오금,140851,123058,20806,19539
2020-02,4호선,0409,당고개,251214,228618,71164,70801
2020-02,4호선,0410,상계,408832,364627,89276,87642
2020-02,4호선,0411,노원,466259,538300,69954,68852
2020-02,4호선,0412,창동,541022,577952,145912,151764
2020-02,4호선,0413,쌍문,665285,589973,127242,125757
2020-02,4호선,0414,수유(강북구청),763450,759475,157921,158323
2020-02,4호선,0415,미아(서울사이버대학),308812,285882,89414,90302
2020-02,4호선,0416,미아사거리,601614,581227,139914,138458
2020-02,4호선,0417,길음,428807,404540,85965,86834
2020-02,4호선,0418,성신여대입구(돈암),451210,426239,65548,63782
2020-02,4호선,0419,한성대입구(삼선교),289225,277575,55345,54983
2020-02,4호선,0420,혜화,758288,784124,91812,90455
2020-02,4호선,0421,동대문,399684,419904,104045,99322
2020-02,4호선,0422,동대문역사문화공원,418402,385941,42339,38393
2020-02,4호선,0423,충무로,598110,617696,94713,94885
2020-02,4호선,0424,명동,630664,671930,43692,43780
2020-02,4호선,0425,회현(남대문시장),490496,528027,111862,110702
2020-02,4호선,0426,서울역,285563,445274,30972,35019
2020-02,4호선,0427,숙대입구(갈월),307871,304875,41479,38959
2020-02,4호선,0428,삼각지,100578,114953,19023,20060
2020-02,4호선,0429,신용산,352548,370081,37679,36929
2020-02,4호선,0430,이촌(국립중앙박물관),150207,169180,30722,33004
2020-02,4호선,0431,동작(현충원),39394,41894,14401,14170
2020-02,4호선,0432,총신대입구(이수),394004,436837,113098,118393
2020-02,4호선,0433,사당,607271,514563,63455,62289
2020-02,4호선,0434,남태령,24375,19571,6298,5896
2020-02,경부선,1001,서울역,124920,33383,6666,1472
2020-02,경부선,1002,남영,213447,223641,27856,29049
2020-02,경부선,1003,용산,784728,803514,85130,84384
2020-02,경부선,1004,노량진,229041,219573,24250,21911
2020-02,경부선,1005,대방,280968,287110,50566,50493
2020-02,경부선,1006,영등포,880993,922465,185437,184471
2020-02,경부선,1007,신도림,78679,76987,17565,18869
2020-02,경부선,1032,신길,197329,161615,33018,30238
2020-02,경부선,1701,구로,376593,387979,69006,66730
2020-02,경부선,1702,가산디지털단지,398649,457838,26065,28465
2020-02,경부선,1703,금천구청,227199,218880,58671,60094
2020-02,경부선,1704,석수,219932,191697,34657,33208
2020-02,경부선,1705,관악,147606,134245,37839,36640
2020-02,경부선,1706,안양,476130,471085,83103,85704
2020-02,경부선,1707,명학,183045,178802,32435,31842
2020-02,경부선,1708,금정,559998,573549,78757,80228
2020-02,경부선,1709,군포,149318,147088,27243,26321
2020-02,경부선,1710,의왕,185343,181915,30934,30897
2020-02,경부선,1711,성균관대,299492,294713,36025,36616
2020-02,경부선,1712,화서,149663,143418,27623,27493
2020-02,경부선,1713,수원,778347,827825,94185,99798
2020-02,경부선,1714,독산,345532,359316,50251,51863
2020-02,경부선,1715,세류,68074,63167,11564,11546
2020-02,경부선,1716,병점,292166,291732,40749,39738
2020-02,경부선,1717,세마,49395,44112,9870,9163
2020-02,경부선,1718,오산대,55276,48716,9445,8972
2020-02,경부선,1719,오산,195543,192077,31253,32120
2020-02,경부선,1720,진위,28907,24829,5365,5030
2020-02,경부선,1721,송탄,85655,81977,15642,15291
2020-02,경부선,1722,서정리,108524,107118,19059,18768
2020-02,경부선,1723,지제,51960,46546,5767,5336
2020-02,경부선,1724,평택,233755,229204,43424,42032
2020-02,경부선,1725,성환,59767,59815,15688,15861
2020-02,경부선,1726,직산,14766,14468,3392,3301
2020-02,경부선,1727,두정,98686,100225,14859,15161
2020-02,경부선,1728,천안,89508,91101,32808,33172
2020-02,경부선,1729,당정,131133,124391,20568,20053
2020-02,경부선,1749,서동탄,31631,25594,6510,6065
2020-02,경부선,1750,광명,68792,54989,5637,4728
2020-02,경인선,1801,개봉,427835,425739,112470,117396
2020-02,경인선,1802,오류동,233009,216914,70718,70093
2020-02,경인선,1803,역곡,579132,568068,112575,115128
2020-02,경인선,1804,부천,699027,702476,143317,144503
2020-02,경인선,1805,송내,633078,622966,87201,86563
2020-02,경인선,1806,부평,726378,791389,104173,105675
2020-02,경인선,1807,백운,142432,138453,44192,45241
2020-02,경인선,1808,동암,336563,336107,72565,73339
2020-02,경인선,1809,주안,448803,406608,68305,61372
2020-02,경인선,1810,제물포,202540,188570,46961,46529
2020-02,경인선,1811,동인천,282374,266811,88661,86412
2020-02,경인선,1812,인천,53413,37683,19983,18267
2020-02,경인선,1813,구일,123920,124610,28798,28704
2020-02,경인선,1814,소사,193355,182581,50747,50243
2020-02,경인선,1815,부개,169044,156883,46455,45689
2020-02,경인선,1816,간석,116255,109605,33714,32334
2020-02,경인선,1817,도원,45176,45213,25831,27055
2020-02,경인선,1821,온수(성공회대입구),126006,124352,34277,33911
2020-02,경인선,1822,중동,177193,164013,49091,48860
2020-02,경인선,1823,도화,67452,58288,28272,27372
2020-02,경원선,1008,이촌(국립중앙박물관),75996,56634,20357,16821
2020-02,경원선,1009,서빙고,34201,32668,11680,11266
2020-02,경원선,1010,한남,81658,78496,22973,21471
2020-02,경원선,1011,옥수,999,669,71,66
2020-02,경원선,1012,응봉,29992,25490,11858,10950
2020-02,경원선,1013,왕십리(성동구청),327761,369902,42047,46530
2020-02,경원선,1014,청량리(서울시립대입구),254289,275766,98534,103025
2020-02,경원선,1016,외대앞,169053,161716,36037,36505
2020-02,경원선,1017,신이문,170462,150058,50622,49461
2020-02,경원선,1018,석계,174741,198360,47261,51284
2020-02,경원선,1019,광운대,165561,153225,40732,40415
2020-02,경원선,1020,월계,100178,92807,44189,42752
2020-02,경원선,1021,녹천,88129,71049,28749,26214
2020-02,경원선,1022,창동,13,0,1,0
2020-02,경원선,1901,방학,156031,148980,83201,82916
2020-02,경원선,1902,도봉,95827,86694,52508,52381
2020-02,경원선,1903,도봉산,123756,62564,74631,57438
2020-02,경원선,1904,망월사,131593,133165,55367,57040
2020-02,경원선,1905,회룡,204034,194850,106784,107239
2020-02,경원선,1906,의정부,407090,424717,88665,89945
2020-02,경원선,1907,가능,120171,113818,44118,42895
2020-02,경원선,1908,녹양,92892,87510,27476,26236
2020-02,경원선,1909,양주,159223,144457,41345,40488
2020-02,경원선,1910,덕계,44304,37817,13468,13046
2020-02,경원선,1911,덕정,114917,110208,26181,26358
2020-02,경원선,1912,지행,128772,126618,33311,32991
2020-02,경원선,1913,동두천중앙,52362,48917,29350,29856
2020-02,경원선,1914,보산,31792,30149,10146,9444
2020-02,경원선,1915,동두천,33066,38109,15789,19554
2020-02,경원선,1916,소요산,31343,23167,43413,38462
2020-02,안산선,1751,산본,349781,378251,71884,73417
2020-02,안산선,1752,대야미,100536,87311,20509,19078
2020-02,안산선,1753,반월,88209,81820,21182,20982
2020-02,안산선,1754,상록수,399745,389462,58414,59469
2020-02,안산선,1755,한대앞,160328,158766,27097,26836
2020-02,안산선,1756,중앙,360110,383165,39742,39144
2020-02,안산선,1757,고잔,172297,168722,24382,23851
2020-02,안산선,1758,초지,86320,85386,10359,10437
2020-02,안산선,1759,안산,278470,247678,26561,23865
2020-02,안산선,1760,신길온천,31055,27993,5968,5737
2020-02,안산선,1761,정왕,148528,159112,17025,18447
2020-02,안산선,1762,오이도,196764,187681,24494,23809
2020-02,안산선,1763,수리산,79518,60660,22489,21045
2020-02,과천선,1450,선바위,191401,163521,22748,21521
2020-02,과천선,1451,경마공원,96456,98647,43453,43706
2020-02,과천선,1452,대공원,32678,34940,20583,21377
2020-02,과천선,1453,과천,96718,87999,24458,23683
2020-02,과천선,1454,정부과천청사,217934,216177,41532,39874
2020-02,과천선,1455,인덕원,530218,540928,75949,79925
2020-02,과천선,1456,평촌,384920,378828,46805,47544
2020-02,과천선,1457,범계,601593,586596,74276,71612
2020-02,분당선,1023,선릉,272697,444248,31372,43622
2020-02,분당선,1024,한티,312341,326181,47661,48334
2020-02,분당선,1025,도곡,127276,128579,29530,29329
2020-02,분당선,1026,구룡,26882,26210,9564,9458
2020-02,분당선,1027,개포동,70100,73354,17060,17734
2020-02,분당선,1028,대모산입구,61363,55406,21086,20931
2020-02,분당선,1030,수서,296704,299328,46553,48022
2020-02,분당선,1031,복정,11,0,1,0
2020-02,분당선,1846,수원,177476,122876,19009,12003
2020-02,분당선,1847,서울숲,195417,198686,17219,16700
2020-02,분당선,1848,압구정로데오,390410,447718,32926,31696
2020-02,분당선,1849,강남구청,204431,239356,29320,31723
2020-02,분당선,1850,선정릉,171143,185837,22661,22099
2020-02,분당선,1851,가천대,138921,162527,19943,21606
2020-02,분당선,1852,태평,282258,269342,68770,72069
2020-02,분당선,1853,모란,417980,413954,118756,129867
2020-02,분당선,1854,야탑,556392,590752,115671,115132
2020-02,분당선,1855,서현,593488,603545,91801,89493
2020-02,분당선,1856,수내,272512,270728,52302,51067
2020-02,분당선,1857,정자,368334,394295,48702,49059
2020-02,분당선,1858,미금,325650,346260,78442,82417
2020-02,분당선,1859,오리,244878,207117,56122,47823
2020-02,분당선,1860,이매,110337,106531,28446,27512
2020-02,분당선,1861,보정,44015,36199,15214,14549
2020-02,분당선,1862,죽전,287655,316882,49515,53427
2020-02,분당선,1863,구성,91976,92363,23945,24604
2020-02,분당선,1864,신갈,91460,88194,19379,19576
2020-02,분당선,1865,기흥,207705,196909,28596,28271
2020-02,분당선,1866,상갈,111546,104547,21673,20909
2020-02,분당선,1867,청명,85170,79182,13350,13499
2020-02,분당선,1868,영통,187999,190158,21211,21199
2020-02,분당선,1869,망포,302372,284215,24720,23738
2020-02,분당선,1870,매탄권선,94353,88241,12138,11858
2020-02,분당선,1871,수원시청,259656,295494,27247,27856
2020-02,분당선,1872,매교,41663,42237,11660,11921
2020-02,일산선,1948,원흥,183379,170237,39113,38055
2020-02,일산선,1950,삼송,365141,347223,67850,67691
2020-02,일산선,1951,원당,215287,203681,59422,58847
2020-02,일산선,1952,화정,354938,368877,89617,92114
2020-02,일산선,1953,대곡,33284,23341,7268,6524
2020-02,일산선,1954,백석,202050,203678,55025,53799
2020-02,일산선,1955,마두,134536,140699,51330,52127
2020-02,일산선,1956,정발산,151063,163067,36947,34710
2020-02,일산선,1957,주엽,150408,152965,59704,61871
2020-02,일산선,1958,대화,282683,215893,58320,53324
2020-02,중앙선,1015,회기,525941,503048,93511,92500
2020-02,중앙선,1201,중랑,100416,96761,37288,37586
2020-02,중앙선,1202,상봉(시외버스터미널),120902,117268,29446,27753
2020-02,중앙선,1203,망우,136095,133861,51716,53253
2020-02,중앙선,1204,양원,24133,24806,11518,12042
2020-02,중앙선,1205,구리,262407,269643,59624,61110
2020-02,중앙선,1206,도농,191556,171079,42978,41851
2020-02,중앙선,1207,양정,14218,12293,5563,5088
2020-02,중앙선,1208,덕소,105922,104977,36011,36280
2020-02,중앙선,1209,도심,48089,36457,13143,12458
2020-02,중앙선,1210,팔당,16122,16199,4792,4708
2020-02,중앙선,1211,운길산,11794,10277,5194,5147
2020-02,중앙선,1212,양수,28137,28085,12382,12748
2020-02,중앙선,1213,신원,2395,2201,2085,1739
2020-02,중앙선,1214,국수,9623,9818,5643,5825
2020-02,중앙선,1215,아신,8978,8990,3808,3760
2020-02,중앙선,1216,오빈,4019,3949,2410,2460
2020-02,중앙선,1217,양평,45487,46374,19982,20046
2020-02,중앙선,1218,원덕,4001,3841,3524,3539
2020-02,중앙선,1219,용문,23022,23820,20400,20565
2020-02,중앙선,1220,지평,515,386,527,420
2020-02,장항선,1401,봉명,18391,17895,8136,7776
2020-02,장항선,1402,쌍용(나사렛대),33805,31251,7960,7378
2020-02,장항선,1403,아산,53022,47399,6471,6072
2020-02,장항선,1405,배방,16996,16303,4119,3971
2020-02,장항선,1407,온양온천,53923,54389,29698,30707
2020-02,장항선,1408,신창(순천향대),18995,18386,4152,3932
2020-02,경의선,1251,서울역,82257,103554,10106,12360
2020-02,경의선,1252,신촌,16097,21366,2939,3391
2020-02,경의선,1261,효창공원앞,56842,63542,10504,11338
2020-02,경의선,1262,공덕,78638,65717,9819,9132
2020-02,경의선,1263,서강대,44169,43718,7839,7495
2020-02,경의선,1264,홍대입구,42310,50112,3839,4225
2020-02,경의선,1265,가좌,92294,83243,32526,32723
2020-02,경의선,1266,디지털미디어시티,49728,47639,7483,7654
2020-02,경의선,1267,수색,45163,45434,9991,10281
2020-02,경의선,1268,화전,29705,26632,6449,6097
2020-02,경의선,1269,강매,57794,47574,12345,11988
2020-02,경의선,1270,행신,163435,156253,24462,24756
2020-02,경의선,1271,능곡,66117,59244,21191,20941
2020-02,경의선,1272,곡산,9279,9746,3312,3119
2020-02,경의선,1273,백마,137698,126657,23898,23744
2020-02,경의선,1274,풍산,105722,96667,22408,22093
2020-02,경의선,1275,일산,171160,166009,41015,41102
2020-02,경의선,1276,탄현,156317,149916,26826,26154
2020-02,경의선,1277,야당,116083,110750,20632,20318
2020-02,경의선,1278,운정,118499,109355,23947,23971
2020-02,경의선,1279,금릉,89846,88528,18360,18004
2020-02,경의선,1280,금촌,127930,125294,32562,33201
2020-02,경의선,1282,월롱,44009,39474,5398,6133
2020-02,경의선,1283,파주,22042,15344,5524,4472
2020-02,경의선,1284,문산,100157,99183,29647,29426
2020-02,경의선,1291,서울역,4,0,0,0
2020-02,경의선,1295,김포공항,1,0,0,0
2020-02,경의선,1296,계양,4,0,1,0
2020-02,경의선,1297,검암,3,0,0,0
2020-02,경춘선,1311,신내,21884,22828,9649,9609
2020-02,경춘선,1312,갈매,53471,44952,13525,12802
2020-02,경춘선,1313,별내,47910,46813,13560,13207
2020-02,경춘선,1314,퇴계원,67547,61854,19827,19134
2020-02,경춘선,1315,사릉,65023,61632,14398,14444
2020-02,경춘선,1316,금곡,25096,23591,11261,11003
2020-02,경춘선,1317,평내호평,108706,108356,30049,28541
2020-02,경춘선,1318,천마산,24084,20755,12591,13077
2020-02,경춘선,1319,마석,62415,61055,23960,23889
2020-02,경춘선,1320,대성리,10619,9534,3870,3529
2020-02,경춘선,1321,청평,31457,28970,10915,11067
2020-02,경춘선,1322,상천,3514,3103,2644,2523
2020-02,경춘선,1323,가평,32525,33204,9174,8920
2020-02,경춘선,1324,굴봉산,1810,2065,1241,1307
2020-02,경춘선,1325,백양리,5293,4740,685,668
2020-02,경춘선,1326,강촌,6902,6509,2559,2574
2020-02,경춘선,1327,김유정,5550,5906,1924,1910
2020-02,경춘선,1328,남춘천,43424,45246,14540,15095
2020-02,경춘선,1329,춘천,21934,20138,10224,8942
2020-02,수인선,1878,달월,1181,869,593,378
2020-02,수인선,1879,월곶,46147,43064,9618,9798
2020-02,수인선,1880,소래포구,75568,70008,25924,24858
2020-02,수인선,1881,인천논현,114827,120054,26127,26587
2020-02,수인선,1882,호구포,71390,71924,14790,14493
2020-02,수인선,1883,남동인더스파크,47230,51488,5346,5465
2020-02,수인선,1884,원인재,83308,85577,22395,22442
2020-02,수인선,1885,연수,93685,95348,22236,22460
2020-02,수인선,1886,송도,45443,41444,16156,15913
2020-02,수인선,1888,인하대,101664,96360,18140,17471
2020-02,수인선,1889,숭의,67237,61683,20883,20352
2020-02,수인선,1890,신포,29425,30088,9261,9562
2020-02,수인선,1891,인천,12216,23975,8469,9910
2020-02,경강선,1501,판교,98597,97754,9059,7807
2020-02,경강선,1502,이매,21242,17598,4753,4313
2020-02,경강선,1503,삼동,46988,40932,8408,8336
2020-02,경강선,1504,경기광주,148267,139244,19399,19977
2020-02,경강선,1505,초월,55275,52692,8830,8801
2020-02,경강선,1506,곤지암,37885,36563,7444,7705
2020-02,경강선,1507,신둔도예촌,22519,20932,4478,4255
2020-02,경강선,1508,이천,52072,55540,8753,9288
2020-02,경강선,1509,부발,38030,35886,4526,4471
2020-02,경강선,1510,세종대왕릉,4489,4285,2013,1947
2020-02,경강선,1511,여주,34551,34608,9193,9044
2020-02,5호선,2511,방화,135243,127984,37945,36151
2020-02,5호선,2512,개화산,114985,109874,27656,27015
2020-02,5호선,2513,김포공항,154524,140221,20893,23058
2020-02,5호선,2514,송정,141999,129549,37701,36888
2020-02,5호선,2515,마곡,157988,148314,24799,24143
2020-02,5호선,2516,발산,412277,426733,65718,63380
2020-02,5호선,2517,우장산,290968,285002,67529,70177
2020-02,5호선,2518,화곡,629483,580892,113271,108423
2020-02,5호선,2519,까치산,635529,598561,121382,123064
2020-02,5호선,2520,신정(은행정),298796,223359,46239,44302
2020-02,5호선,2521,목동,374047,410691,64590,66688
2020-02,5호선,2522,오목교(목동운동장앞),541249,583704,64404,63869
2020-02,5호선,2523,양평,154587,152857,22979,22633
2020-02,5호선,2524,영등포구청,77889,79153,15676,15320
2020-02,5호선,2525,영등포시장,185708,193820,56114,57154
2020-02,5호선,2526,신길,81614,90506,9097,9403
2020-02,5호선,2527,여의도,575597,613334,40322,37133
2020-02,5호선,2528,여의나루,164887,172322,19572,18294
2020-02,5호선,2529,마포,298198,308893,47427,46752
2020-02,5호선,2530,공덕,310000,337520,34067,32438
2020-02,5호선,2531,애오개,146740,149318,29450,28551
2020-02,5호선,2532,충정로(경기대입구),98453,101183,12232,12431
2020-02,5호선,2533,서대문,378226,390833,51407,49264
2020-02,5호선,2534,광화문(세종문화회관),740431,783122,73352,69812
2020-02,5호선,2535,종로3가,267364,254729,76473,80417
2020-02,5호선,2536,을지로4가,105377,110953,33049,32986
2020-02,5호선,2537,동대문역사문화공원,66110,76502,7920,8495
2020-02,5호선,2538,청구,82324,76786,21782,16997
2020-02,5호선,2539,신금호,126050,125246,28182,31694
2020-02,5호선,2540,행당,168430,148618,36521,33526
2020-02,5호선,2541,왕십리(성동구청),97941,115038,19269,18123
2020-02,5호선,2542,마장,110411,104092,31317,31247
2020-02,5호선,2543,답십리,345142,312353,62828,61266
2020-02,5호선,2544,장한평,386431,383637,74414,75376
2020-02,5호선,2545,군자(능동),250667,275913,30387,31834
2020-02,5호선,2546,아차산(어린이대공원후문),286015,278018,72967,71685
2020-02,5호선,2547,광나루(장신대),287695,255124,50291,49107
2020-02,5호선,2548,천호(풍납토성),381699,391877,96752,101866
2020-02,5호선,2549,강동,422702,371973,81558,74165
2020-02,5호선,2550,길동,135746,145544,49846,51977
2020-02,5호선,2551,굽은다리(강동구민회관앞),180936,171817,49648,46562
2020-02,5호선,2552,명일,158255,163033,46597,48760
2020-02,5호선,2553,고덕,170850,171954,42383,42528
2020-02,5호선,2554,상일동,324815,272453,63888,60721
2020-02,5호선,2555,둔촌동,165839,167586,46739,47463
2020-02,5호선,2556,올림픽공원(한국체대),76352,68472,21649,20165
2020-02,5호선,2557,방이,146695,150805,33660,33302
2020-02,5호선,2558,오금,73411,73967,14492,14287
2020-02,5호선,2559,개롱,129130,132751,33466,34521
2020-02,5호선,2560,거여,146804,136166,41599,41264
2020-02,5호선,2561,마천,92448,90607,37122,39151
2020-02,6호선,2611,응암,355589,350210,87865,88154
2020-02,6호선,2612,역촌,70867,85973,26122,25704
2020-02,6호선,2613,불광,88552,91828,29479,24529
2020-02,6호선,2614,독바위,55650,56860,14997,18341
2020-02,6호선,2615,연신내,17,0,2,0
2020-02,6호선,2616,구산,149434,102263,39612,40208
2020-02,6호선,2617,새절(신사),262082,242176,66274,67220
2020-02,6호선,2618,증산(명지대앞),204966,195069,54171,54226
2020-02,6호선,2619,디지털미디어시티,294824,323775,42143,42793
2020-02,6호선,2620,월드컵경기장(성산),80368,87432,34803,34510
2020-02,6호선,2621,마포구청,297978,263272,60329,55384
2020-02,6호선,2622,망원,301553,332118,62924,65650
2020-02,6호선,2623,합정,332459,320882,29925,27798
2020-02,6호선,2624,상수,226579,262631,16713,16857
2020-02,6호선,2625,광흥창(서강),189863,183848,36151,35754
2020-02,6호선,2626,대흥(서강대앞),169975,178113,33850,33939
2020-02,6호선,2627,공덕,400171,393645,57497,53956
2020-02,6호선,2628,효창공원앞,143434,127364,29705,28022
2020-02,6호선,2629,삼각지,139883,120703,12941,10528
2020-02,6호선,2630,녹사평(용산구청),125460,130923,14870,14372
2020-02,6호선,2631,이태원,322074,356712,25561,26492
2020-02,6호선,2632,한강진,184664,221342,12309,12115
2020-02,6호선,2633,버티고개,46129,42114,11131,12932
2020-02,6호선,2634,약수,75418,76920,18023,17461
2020-02,6호선,2635,청구,79322,84326,16304,20160
2020-02,6호선,2636,신당,195963,200855,29643,28198
2020-02,6호선,2637,동묘앞,157974,164931,50018,45554
2020-02,6호선,2638,창신,72364,55297,14144,13104
2020-02,6호선,2639,보문,163859,148612,24473,23644
2020-02,6호선,2640,안암(고대병원앞),228052,229282,25126,23847
2020-02,6호선,2641,고려대(종암),175882,168720,26129,26554
2020-02,6호선,2642,월곡(동덕여대),231518,224787,57214,57078
2020-02,6호선,2643,상월곡(한국과학기술연구원),122286,105179,29880,29386
2020-02,6호선,2644,돌곶이,174000,160982,42924,42920
2020-02,6호선,2645,석계,259373,266396,58481,58986
2020-02,6호선,2646,태릉입구,112469,127316,21863,23201
2020-02,6호선,2647,화랑대(서울여대입구),250421,188201,35151,31196
2020-02,6호선,2648,봉화산(서울의료원),198591,176780,38290,37225
2020-02,6호선,2649,신내,4,0,0,0
2020-02,7호선,2711,장암,55541,17613,6158,3917
2020-02,7호선,2712,도봉산,190928,221020,30315,45430
2020-02,7호선,2713,수락산,257507,257604,65777,66364
2020-02,7호선,2714,마들,234679,219296,60040,60655
2020-02,7호선,2715,노원,424601,458369,86309,86695
2020-02,7호선,2716,중계,299562,266462,68704,66764
2020-02,7호선,2717,하계,373476,350154,76597,72882
2020-02,7호선,2718,공릉(서울과학기술대),248978,248218,52034,52347
2020-02,7호선,2719,태릉입구,172712,158696,31613,29224
2020-02,7호선,2720,먹골,217091,209399,47699,48523
2020-02,7호선,2721,중화,235216,226871,50793,50784
2020-02,7호선,2722,상봉(시외버스터미널),391023,367826,55317,53266
2020-02,7호선,2723,면목,316722,301504,72856,75252
2020-02,7호선,2724,사가정,325846,323483,73595,74294
2020-02,7호선,2725,용마산,126091,115821,27675,30136
2020-02,7호선,2726,중곡,203894,186635,47315,47763
2020-02,7호선,2727,군자(능동),314065,240302,57605,51096
2020-02,7호선,2728,어린이대공원(세종대),264343,256809,28301,28284
2020-02,7호선,2729,건대입구,289068,316672,39284,35840
2020-02,7호선,2730,뚝섬유원지,147444,143065,29004,29311
2020-02,7호선,2731,청담,441348,502614,59408,56983
2020-02,7호선,2732,강남구청,361623,408724,37669,37700
2020-02,7호선,2733,학동,520328,567830,47663,44429
2020-02,7호선,2734,논현,460219,511617,41518,41074
2020-02,7호선,2735,반포,126529,123778,24976,23868
2020-02,7호선,2736,고속터미널,371768,307738,53157,47090
2020-02,7호선,2737,내방,293497,304311,48328,47570
2020-02,7호선,2738,이수,356603,351654,56492,54236
2020-02,7호선,2739,남성,230640,210955,52486,52413
2020-02,7호선,2740,숭실대입구(살피재),257161,254783,42561,44088
2020-02,7호선,2741,상도,223775,213870,42648,40560
2020-02,7호선,2742,장승배기,205906,197652,54680,55275
2020-02,7호선,2743,신대방삼거리,349435,328847,68200,69552
2020-02,7호선,2744,보라매,202060,201371,36334,35540
2020-02,7호선,2745,신풍,224908,212592,47654,48483
2020-02,7호선,2746,대림(구로구청),160672,159767,23188,22304
2020-02,7호선,2747,남구로,341003,364251,45003,45147
2020-02,7호선,2748,가산디지털단지,979194,988569,63530,60450
2020-02,7호선,2749,철산,488215,502360,73115,73886
2020-02,7호선,2750,광명사거리,493326,478501,112339,114720
2020-02,7호선,2751,천왕,207590,188260,39109,38875
2020-02,7호선,2752,온수(성공회대입구),224614,209401,29828,29035
2020-02,7호선,2753,까치울,161497,153377,18745,18681
2020-02,7호선,2754,부천종합운동장,100006,82622,13056,12810
2020-02,7호선,2755,춘의,205412,200993,24309,23493
2020-02,7호선,2756,신중동,316162,314190,39420,38234
2020-02,7호선,2757,부천시청,261287,261844,38039,36550
2020-02,7호선,2758,상동,296115,304983,35714,35700
2020-02,7호선,2759,삼산체육관,100881,89105,17829,17310
2020-02,7호선,2760,굴포천,196563,208507,25539,26248
2020-02,7호선,2761,부평구청,269292,217512,22773,21051
2020-02,8호선,2811,암사,388805,335287,76454,75712
2020-02,8호선,2812,천호(풍납토성),373750,440284,65578,62582
2020-02,8호선,2813,강동구청,211565,217530,47581,48261
2020-02,8호선,2814,몽촌토성(평화의문),108986,117317,22862,22020
2020-02,8호선,2815,잠실(송파구청),309490,363086,47190,45641
2020-02,8호선,2816,석촌,156524,185449,36770,39244
2020-02,8호선,2817,송파,177914,168825,40908,39866
2020-02,8호선,2818,가락시장,150725,174380,44070,44880
2020-02,8호선,2819,문정,456623,477854,44465,44425
2020-02,8호선,2820,장지,383259,364884,54402,52265
2020-02,8호선,2821,복정,226608,191201,33160,30933
2020-02,8호선,2822,산성,109609,105072,25191,27389
2020-02,8호선,2823,남한산성입구(성남법원.검찰청),275367,242636,58850,57048
2020-02,8호선,2824,단대오거리,210216,198899,52112,50948
2020-02,8호선,2825,신흥,86686,94704,33929,35691
2020-02,8호선,2826,수진,101024,90310,36100,35446
2020-02,8호선,2827,모란,74959,59362,38544,27567
2020-02,9호선,4101,개화,53224,37169,9510,7587
2020-02,9호선,4102,김포공항,175816,232951,12527,13675
2020-02,9호선,4103,공항시장,55048,61406,17712,19303
2020-02,9호선,4104,신방화,135973,132682,33413,33393
2020-02,9호선,4105,마곡나루,235387,235432,18313,18134
2020-02,9호선,4106,양천향교,184524,191184,31834,32532
2020-02,9호선,4107,가양,414599,401321,96180,93490
2020-02,9호선,4108,증미,138269,139518,31903,32846
2020-02,9호선,4109,등촌,197349,197787,58516,59583
2020-02,9호선,4110,염창,371474,358563,51529,51064
2020-02,9호선,4111,신목동,79664,71061,13775,13096
2020-02,9호선,4112,선유도,157007,151827,19157,18566
2020-02,9호선,4113,당산,410815,403808,49610,45495
2020-02,9호선,4114,국회의사당,343820,348466,41218,35250
2020-02,9호선,4115,여의도,519744,504041,32499,30228
2020-02,9호선,4116,샛강,108630,115796,19666,19557
2020-02,9호선,4117,노량진,638842,647808,67298,69101
2020-02,9호선,4118,노들,87556,73199,23611,21767
2020-02,9호선,4119,흑석(중앙대입구),154977,164323,40612,41826
2020-02,9호선,4120,동작(현충원),34985,27356,9334,7837
2020-02,9호선,4121,구반포,54773,58243,16821,17019
2020-02,9호선,4122,신반포,53826,54543,14053,13847
2020-02,9호선,4123,고속터미널,265934,380502,34590,39643
2020-02,9호선,4124,사평,59446,58888,11877,11934
2020-02,9호선,4125,신논현,781554,797662,45399,43126
2020-02,공항철도 1호선,4201,서울역,244813,205926,22556,21167
2020-02,공항철도 1호선,4202,공덕,52579,69109,5071,6246
2020-02,공항철도 1호선,4203,홍대입구,266273,267400,12650,12068
2020-02,공항철도 1호선,4204,디지털미디어시티,297700,271562,18768,17449
2020-02,공항철도 1호선,4206,마곡나루,154776,140430,7034,6937
2020-02,공항철도 1호선,4207,김포공항,221245,136879,12710,8871
2020-02,공항철도 1호선,4208,계양,214782,195515,18650,17646
2020-02,공항철도 1호선,4209,검암,177621,170153,13010,12788
2020-02,공항철도 1호선,4210,청라국제도시,147018,137862,7589,7504
2020-02,공항철도 1호선,4211,운서,163958,172719,16695,16581
2020-02,공항철도 1호선,4212,공항화물청사,53023,59460,7523,7214
2020-02,공항철도 1호선,4213,인천공항1터미널,302900,290040,16302,14754
2020-02,공항철도 1호선,4215,인천공항2터미널,113655,94828,8278,6894
2020-02,공항철도 1호선,4217,영종,54744,55960,11385,11792
2020-02,9호선2~3단계,4126,언주,213622,214559,19865,19599
2020-02,9호선2~3단계,4127,선정릉,199146,215453,17180,17916
2020-02,9호선2~3단계,4128,삼성중앙,136953,143091,16626,16517
2020-02,9호선2~3단계,4129,봉은사,371804,374838,33710,31856
2020-02,9호선2~3단계,4130,종합운동장,95320,90597,12555,11311
2020-02,9호선2~3단계,4131,삼전,130262,127786,25600,24667
2020-02,9호선2~3단계,4132,석촌고분,109833,108877,22335,22607
2020-02,9호선2~3단계,4133,석촌,157573,133571,21825,18886
2020-02,9호선2~3단계,4134,송파나루,87006,93649,18195,18263
2020-02,9호선2~3단계,4135,한성백제,44685,39672,9442,8690
2020-02,9호선2~3단계,4136,올림픽공원(한국체대),127627,125205,13583,13102
2020-02,9호선2~3단계,4137,둔촌오륜,16719,16201,4193,4254
2020-02,9호선2~3단계,4138,중앙보훈병원,164614,143925,53272,53682
2020-02,우이신설선,4701,북한산우이,39915,33182,25573,26458
2020-02,우이신설선,4702,솔밭공원,36123,33719,21142,22046
2020-02,우이신설선,4703,4.19민주묘지,39903,38727,25455,23601
2020-02,우이신설선,4704,가오리,62825,59400,34107,36203
2020-02,우이신설선,4705,화계,49641,43982,30963,31787
2020-02,우이신설선,4706,삼양,27809,29674,20507,23236
2020-02,우이신설선,4707,삼양사거리,31650,32127,27385,28336
2020-02,우이신설선,4708,솔샘,107751,97692,27789,28725
2020-02,우이신설선,4709,북한산보국문,110302,101322,31739,32796
2020-02,우이신설선,4710,정릉,70549,64048,33544,32195
2020-02,우이신설선,4711,성신여대입구(돈암),54338,64694,22848,21724
2020-02,우이신설선,4712,보문,25341,25949,11802,12573
2020-02,우이신설선,4713,신설동,32004,34486,19022,16967
